{"great": [0.5682557965917349, 0.17693766992299975, 0.18993643512543748, -0.27809140820479794, -0.875315681519982, -0.1461644015132926, 0.23939092249734437, -0.3107029172057924, 0.6199832095634387, 0.16617984462002244], "cool": [0.564125607212587, 0.1372298265830544, 0.20823648035171752, -0.2929695723456365, -0.8704480862547578, -0.1882296279977101, 0.2423961604715868, -0.29410091959922563, 0.6979644655991716, 0.2147529764765612], "brilliant": [0.591885501801345, 0.10397786927770161, 0.18125409832798156, -0.3249417806914039, -0.8565376508947541, -0.17966721391513174, 0.2603509816471901, -0.3289324465724495, 0.6604228461904655, 0.24158225625024787], "wonderful": [0.5336813277875312, 0.15884523607312168, 0.265184380536825, -0.3438927762710058, -0.8491692008120085, -0.18613217422541947, 0.2672408530040501, -0.31809103059724764, 0.6581041757437854, 0.20044434983351095], "well": [0.5893339401809643, 0.17311813201184942, 0.269096564174797, -0.30740190098292797, -0.8500390052604696, -0.18871896996247878, 0.2710112190336241, -0.30024215026449197, 0.568987220443445, 0.15369399612858042], "amazing": [0.5902038867844643, 0.14902291975965964, 0.21315969705653706, -0.3142264603667906, -0.9096476218964349, -0.17471907820831534, 0.27440977619393614, -0.28780096142476275, 0.6262885326051713, 0.21474172972714697], "worth": [0.5130535106477786, 0.1203417305470431, 0.1958738363180416, -0.3164369139624041, -0.8606295772705053, -0.15101162886733982, 0.22113241716100843, -0.2697235895062945, 0.6690196658223424, 0.16036078186161504], "sweet": [0.5503643010832925, 0.17143189756236132, 0.19039362530118095, -0.3224209551731601, -0.8138360944646921, -0.18346270853248328, 0.23271938859805794, -0.2626053000415241, 0.6257203568118473, 0.2487194300767545], "enjoyable": [0.5738392051934843, 0.12461914284456155, 0.17510717277873972, -0.33024605280163605, -0.7874929465033426, -0.17067349112504743, 0.24587717337924977, -0.2837594997695823, 0.6546620471931931, 0.2348916423233692], "boring": [0.524045009578557, 0.15703282247734573, 0.1848657881235243, -0.29901300482242466, -0.8831747584261089, -0.18115865274114754, 0.2223591027804378, -0.31756882268031394, 0.5988034434028021, 0.17092555144264804], "bad": [0.5360316771649711, 0.08934057914047368, 0.2201026591060939, -0.3095846861526976, -0.8809548868530361, -0.14538972298246003, 0.21710437130796884, -0.23807251098545718, 0.6330703998035977, 0.24369857228293254], "dumb": [0.5707119169157069, 0.13801450767761775, 0.2641854971871885, -0.27134928168538675, -0.8090819545573587, -0.11288020342381064, 0.2872690197930902, -0.320419567490873, 0.6057968690648795, 0.1795797734455587], "annoying": [0.5804388073936805, 0.10213080454123977, 0.17510467165233634, -0.3301742006378939, -0.8168968873432684, -0.20307898062832577, 0.2158054190212603, -0.2610116632102946, 0.6339996308459201, 0.20636140785935564], "female": [0.6029723815239834, 0.16789318536724734, 0.22520087305967565, -0.28873306487925615, -0.914615719505456, -0.2206997036383445, 0.22384549781071944, -0.27169214724889107, 0.6634932978039565, 0.23203231101065194], "male": [0.6188443180311551, 0.17591224836567163, 0.220180401615947, -0.36456330080079474, -0.9461854369906791, -0.13322604657914652, 0.2991505531133827, -0.3486196050483816, 0.7441098161765461, 0.1977599709720629], "queen": [0.5765894647154783, 0.13192743667861656, 0.25802327045267465, -0.3298032082698652, -0.8289942700272943, -0.1927432991368759, 0.2370984325616217, -0.2420315050348152, 0.571308409740964, 0.1429892253760585], "king": [0.5560732564209724, 0.1764615412821358, 0.283123423449548, -0.33671288553906037, -0.9461014688342687, -0.12648395065859483, 0.3061218131559219, -0.33188197122441765, 0.6792991341085513, 0.19131773485838047], "man": [0.6051631423709491, 0.1783014456364415, 0.22784621923285908, -0.2961178922019529, -0.9034636471542421, -0.14556650433904578, 0.2020259868474978, -0.26372853542419133, 0.67687410565457, 0.2142922591761177], "woman": [0.5439297636260639, 0.10716810158149413, 0.19338139148668096, -0.3063888846272399, -0.90051154974656, -0.19854245727352374, 0.28882419764825334, -0.31693694288027674, 0.66557694525432, 0.24864052935984077], "rain": [0.6298504912050583, 0.12301635380852778, 0.22052743188216314, -0.3041738805628178, -0.850625738714621, -0.1733969491635805, 0.22410525920744062, -0.3446052500693223, 0.7252580609208232, 0.24246844659325667], "snow": [0.571658674146897, 0.16715752620553284, 0.2811586315804149, -0.2976175714836573, -0.9075508328669516, -0.18167262677197635, 0.2339708351704252, -0.2998148033711087, 0.7592476519212541, 0.2640055409419275], "hail": [0.42533821691139195, 0.1380455378374832, 0.21177430565076083, -0.195198078379709, -0.6816567081869009, -0.10307706377540066, 0.15071990173178398, -0.2165401966104437, 0.5309049787787797, 0.11659360626879127], "coffee": [0.5362156564666705, 0.18498536534428103, 0.24044513781837562, -0.25154795848531813, -0.7585156275603342, -0.14980862202505735, 0.25257229022500965, -0.2426775308331782, 0.6620631212565934, 0.2250460836189863], "tea": [0.5401340524210242, 0.17011330010004375, 0.16738954188749103, -0.3114928291060685, -0.7716667733777048, -0.17544733406998533, 0.26496092587065895, -0.25197352059897304, 0.638498331666509, 0.2014355294451261]}